<?xml version="1.0" encoding="UTF-8"?>
<project-private xmlns="http://www.netbeans.org/ns/project-private/1">
    <editor-bookmarks xmlns="http://www.netbeans.org/ns/editor-bookmarks/2" lastBookmarkId="0"/>
    <open-files xmlns="http://www.netbeans.org/ns/projectui-open-files/2">
        <group>
            <file>file:/Users/ashvin/Desktop/APCS%20netbeans/AshvinUnit9Lab1/src/Ticket.java</file>
            <file>file:/Users/ashvin/Desktop/APCS%20netbeans/AshvinUnit9Lab1/src/StudentAdvance.java</file>
            <file>file:/Users/ashvin/Desktop/APCS%20netbeans/AshvinUnit9Lab1/src/Cars.java</file>
            <file>file:/Users/ashvin/Desktop/APCS%20netbeans/AshvinUnit9Lab1/src/AudioBook.java</file>
            <file>file:/Users/ashvin/Desktop/APCS%20netbeans/AshvinUnit9Lab1/src/Advance.java</file>
            <file>file:/Users/ashvin/Desktop/APCS%20netbeans/AshvinUnit9Lab1/src/Runner.java</file>
            <file>file:/Users/ashvin/Desktop/APCS%20netbeans/AshvinUnit9Lab1/src/Walkup.java</file>
            <file>file:/Users/ashvin/Desktop/APCS%20netbeans/AshvinUnit9Lab1/src/Book.java</file>
        </group>
    </open-files>
</project-private>
